{
    "rank_ic_mean": 0.00944934394614326,
    "rank_ic_std": 0.2145982349758933,
    "rank_ic_ir": 0.04403271978077892,
    "rank_ic_positive_ratio": 0.5288461538461539,
    "ic_mean": 0.013072922559107155,
    "ic_std": 0.2369505638485064,
    "ic_ir": 0.05517151909993043,
    "ic_positive_ratio": 0.5576923076923077,
    "top_annual_return": -0.016190040165676267,
    "top_excess_annual_return": -0.05987541333996149,
    "top_info_ratio": 0.05437315030921794,
    "top_win_rate": 0.5,
    "top_turnover": 1.0,
    "total_periods": 416,
    "valid_periods": 416
}