{
  "rank_ic_mean": 0.036373010963678745,
  "rank_ic_std": 0.1654745475727919,
  "rank_ic_ir": 0.21981030616009592,
  "rank_ic_positive_ratio": 0.5855421686746988,
  "ic_mean": 0.027660264395006223,
  "ic_std": 0.1279867482644699,
  "ic_ir": 0.21611819012582043,
  "ic_positive_ratio": 0.5686746987951807,
  "top_annual_return": 0.24208539936639673,
  "top_info_ratio": 0.1324276289148346,
  "top_win_rate": 0.5686746987951807,
  "top_turnover": 1.0,
  "total_return": 3.8492861947089576,
  "final_portfolio_value": 48492861.947089575,
  "total_rebalances": 415
}