{
    "1d_ic_mean": 0.02145405255493752,
    "1d_ic_std": 0.0779790103200028,
    "1d_ic_ir": 0.2751259918136487,
    "1d_ic_positive_ratio": 0.6198533558939651,
    "1d_rank_ic_mean": 0.028396502055985276,
    "1d_rank_ic_std": 0.0960152643220116,
    "1d_rank_ic_ir": 0.2957498711949632,
    "1d_rank_ic_positive_ratio": 0.6159052453468697,
    "5d_ic_mean": 0.036983550326255714,
    "5d_ic_std": 0.0785459229994236,
    "5d_ic_ir": 0.47085257788016716,
    "5d_ic_positive_ratio": 0.6869712351945855,
    "5d_rank_ic_mean": 0.045653489359928516,
    "5d_rank_ic_std": 0.10293828017731904,
    "5d_rank_ic_ir": 0.44350351765433516,
    "5d_rank_ic_positive_ratio": 0.6632825719120136,
    "10d_ic_mean": 0.04281484502010675,
    "10d_ic_std": 0.07837408597172461,
    "10d_ic_ir": 0.5462882850787346,
    "10d_ic_positive_ratio": 0.7055837563451777,
    "10d_rank_ic_mean": 0.05401964631013586,
    "10d_rank_ic_std": 0.09949104161462088,
    "10d_rank_ic_ir": 0.5429599030572146,
    "10d_rank_ic_positive_ratio": 0.7055837563451777
}