{
    "real_backtest_results": {
        "ic_mean": 0.02029,
        "ic_std": 0.0651,
        "ic_ir": 0.31167434715821807,
        "rankic_mean": 0.02446,
        "rankic_std": 0.078,
        "rankic_ir": 0.31358974358974356
    },
    "ic_decay_analysis": {
        "original_ic": 0.10780145218055352,
        "final_ic": 0.09107098919929861,
        "total_decay": 15.519700934300538,
        "stages": {
            "stock_pool_filtering": 15.312420137569369,
            "time_window_limitation": 1.6854907196899698,
            "data_quality_issues": -1.479116506095088,
            "prediction_processing": 0.0009065831362860906
        }
    },
    "main_reasons": [
        "股票池筛选减少了样本量和统计稳定性",
        "时间窗口限制剔除了数据不完整的股票",
        "数据质量问题降低了预测准确性",
        "预测值处理（tanh函数）压缩了预测值范围",
        "前瞻性偏差消除使回测更真实但IC值降低"
    ],
    "improvement_suggestions": [
        "优化股票池筛选策略，减少过度筛选",
        "改进预测值处理方法，避免过度压缩",
        "增加样本量和时间跨度",
        "提升数据质量，减少噪声",
        "优化模型架构，提高泛化能力"
    ]
}